{
    "loss": 0.07769059389829636,
    "accuracy": 0.9803921580314636
}